run,online_time_s,comm_bytes_mb,comm_bytes_kb
1,0.786425,0.19,198.29
2,0.788710,0.19,198.29
3,0.793097,0.19,198.29
