run,online_time_s,comm_bytes_mb,comm_bytes_kb
1,0.824673,0.20,206.21
2,0.829336,0.20,206.21
3,0.826604,0.20,206.21
