run,online_time_s,comm_bytes_mb,comm_bytes_kb
1,0.645970,0.03,30.45
2,0.648236,0.03,30.45
3,0.644610,0.03,30.45
