run,online_time_s,comm_bytes_mb,comm_bytes_kb
1,0.907432,0.03,30.45
2,0.906181,0.03,30.45
3,0.906502,0.03,30.45
