run,online_time_s,comm_bytes_mb,comm_bytes_kb
1,1.152820,1.92,1963.74
2,1.164060,1.92,1963.74
3,1.125410,1.92,1963.74
