run,online_time_s,comm_bytes_mb,comm_bytes_kb
1,0.932295,0.20,200.94
2,0.932760,0.20,200.94
3,0.930845,0.20,200.94
