run,online_time_s,comm_bytes_mb,comm_bytes_kb
1,0.952576,0.20,206.21
2,0.958435,0.20,206.21
3,0.961079,0.20,206.21
