run,online_time_s,comm_bytes_mb,comm_bytes_kb
1,0.777068,0.03,30.45
2,0.776812,0.03,30.45
3,0.778144,0.03,30.45
