run,online_time_s,comm_bytes_mb,comm_bytes_kb
1,0.801739,0.20,200.94
2,0.802272,0.20,200.94
3,0.801465,0.20,200.94
