run,online_time_s,comm_bytes_mb,comm_bytes_kb
1,1.555640,1.92,1963.74
2,1.554870,1.92,1963.74
3,1.559730,1.92,1963.74
