run,online_time_s,comm_bytes_mb,comm_bytes_kb
1,0.657427,0.19,198.29
2,0.659919,0.19,198.29
3,0.660919,0.19,198.29
