run,online_time_s,comm_bytes_mb,comm_bytes_kb
1,0.692341,0.20,206.21
2,0.691664,0.20,206.21
3,0.692796,0.20,206.21
