run,online_time_s,comm_bytes_mb,comm_bytes_kb
1,0.921214,0.19,198.29
2,0.917946,0.19,198.29
3,0.923015,0.19,198.29
