run,online_time_s,comm_bytes_mb,comm_bytes_kb
1,0.673892,0.20,200.94
2,0.670742,0.20,200.94
3,0.680092,0.20,200.94
