run,online_time_s,comm_bytes_mb,comm_bytes_kb
1,1.355800,1.92,1963.74
2,1.338760,1.92,1963.74
3,1.346500,1.92,1963.74
